"samples","type","222859_s_at","243182_at","221157_s_at","211521_s_at","223297_at","211758_x_at","224511_s_at","242479_s_at","1560877_a_at","204812_at","209934_s_at","239421_at","236616_at","214718_at","1564439_a_at","214065_s_at","228048_at","209945_s_at","230539_at","229195_at","225733_at","1561685_a_at","241363_at","242249_at","1567179_at","1554004_a_at","244161_at","213071_at","212552_at","209216_at"
84,"basal",7.22318779082216,6.4544557118978,4.0758221315297,5.62813380659046,9.360326622294,10.3056172733865,9.80732755324583,6.17509858398433,3.32742490331327,8.88304222644362,7.49782607303647,3.44662384197568,6.33982550544392,7.90314147511693,4.93619788948774,4.54671566831152,5.51418935939178,8.37399981366962,3.47231233519148,5.80763430075545,7.3167151448229,4.28325870379431,4.83636796649257,2.96742393556598,3.11309281022319,5.15421121475505,5.10318659520412,5.61658742312631,9.23364091438269,8.17856234195378
85,"basal",8.169144195344,5.90000261774578,3.70678794389585,5.52848246538274,7.73208257477624,8.49378105173026,9.65947396978598,5.68018554645911,3.27026442867323,7.53978462068523,7.34685197194136,3.94532905550472,5.49508020323181,8.46044484983168,5.05898852654772,4.90169315612007,5.15980175694912,8.35458130413976,3.32295721297484,5.74048059443748,7.67171494947658,6.93979024605203,5.23821487699992,3.33134569995758,3.01171310858976,5.24659492314627,5.41507379994759,5.50856060607657,8.90493371308449,7.88438666555546
87,"basal",6.92784935249269,6.66631269760878,4.25370717225452,5.33997701688946,8.47746889565681,9.63812494966493,10.1930293954794,5.8871107995955,3.41504690859699,8.43234616280349,7.62692242785526,4.01518699265576,7.01193935590761,8.75141759296706,4.94053546911815,4.56009032930847,5.2852646669115,8.37233553690306,3.29585168159685,6.33987570356242,5.31919700704483,4.17018071954825,5.22381586691285,3.19291568879924,3.03033122654335,7.08093301850895,5.09620587669798,5.51781374687783,9.03046271593005,8.45314886170697
90,"basal",7.80072746225903,7.10377129604014,3.8252061504245,5.67066714191255,9.55213984822177,9.42235723374449,10.3076476231258,6.0184542165522,3.29449086829566,7.36882550135041,6.83256419991551,4.1233174988032,5.7830084904835,7.97288328785825,5.17087320532415,4.85795389621797,5.33325556823167,8.53556747754513,3.44897510967838,6.00844527527083,7.03512647650752,4.25104823917443,5.44735321505306,3.13921851764834,2.94352648691948,4.304651438179,5.37079662903262,5.754918235012,9.01151673406496,9.28687078821506
91,"basal",7.31545107701402,7.63032145869015,3.9963074961684,5.30539688587217,8.6410340640096,9.64325148581891,10.8556930968339,5.31799342680535,3.40772853720521,7.42613238056367,6.85329471894353,3.84347596736061,5.43159247180439,8.24519247808319,5.02349765095962,4.39527258175917,5.31044553639868,8.47876163373099,3.37937664107947,5.95236693462468,6.67502522129087,4.20717087429363,4.96586701209823,2.8446179837714,3.2414393001486,4.12112787368746,5.29701129772991,6.38859061643973,9.33703969943571,8.02507270371093
92,"basal",5.6490170689974,5.79799794583713,4.59012132559931,5.44823540334601,8.42786063113439,9.08775325664167,10.160947932299,5.53261180724473,3.433783894604,7.73306522184129,7.41070150186,4.26545756075236,4.29214652356568,8.36968940417557,5.40386493482527,4.7764602867423,5.33536115790181,8.2853915538929,3.34998808000598,6.12569753801772,6.90169261116437,4.38823128786606,4.7468716331493,2.95029957541975,2.7854587013164,4.730526125662,5.48014985990524,5.35691367628963,8.08009491543576,7.672273892168
93,"basal",4.3772801757283,7.07281714024695,4.11145186115457,5.67349382414287,8.99924817951748,9.43126547547934,9.7572194832762,6.11155382262353,3.29184979935739,8.03548408750719,6.83841864728351,3.78908015597056,5.19706427500898,8.05800255783546,4.83139417272047,5.1248892244263,6.2757468421438,8.09299910480829,3.58410602379305,6.13100257334101,6.26107200606771,4.24022283016642,5.48223238085392,3.03288370964016,2.91021402554617,5.10683106967248,5.65531648110075,5.48485642199048,8.25362891302499,8.10224425905425
94,"basal",7.45168873308705,6.72301694504467,3.91779638452542,5.64627031352148,8.68699779561134,9.11931588689842,10.263074320047,5.99291174415475,3.33842353194118,8.13565005610076,7.11829828820446,3.95524502886387,5.27801535920546,7.82130564800835,4.89656868121789,4.58786535769893,5.33689583797226,8.84763624595469,3.15606503361459,5.76572957441103,7.29313661850807,4.29960528937488,5.53757326147528,2.88216872354584,3.0711555490312,4.61538102622299,4.9667947290369,7.20722709540845,8.84749243501133,8.30906702846275
99,"basal",7.39790969215514,6.73892308813635,3.52806345610683,5.31126777926466,9.36202902101486,9.25741887936159,9.57204250311862,6.13541633993285,3.53795419680428,8.49577655126637,6.44138601737314,3.61144783231854,6.04678275734275,7.78298605185298,5.13844463326371,4.48269936789903,4.985369966853,8.74530340466285,2.99827392336726,6.04792485492535,7.60447586607598,6.31562194686511,4.61716911072146,3.07545354228648,2.94515255778311,5.50117198046295,5.44935148460978,6.35897644661694,8.89424007211278,7.79028343405933
101,"basal",8.30831981321045,7.00189156988876,4.10110514927006,6.26302398106755,7.973853183313,8.70699508485235,10.1329090542644,5.80675866114088,3.17753398029063,7.8056733816824,6.81241771182167,4.37364046531721,5.269702429557,8.11246637003513,5.13161762365759,4.90730948031538,5.11849465135547,7.96905872542791,3.49098519705958,5.68137161253488,6.6121909963607,5.0810360609615,5.15316129404689,3.21226176547163,2.90058737942774,4.99094091553311,5.38740374460797,5.43997886535066,9.44258393625181,8.4839235179059
102,"basal",7.79827315252205,6.90958270662437,4.32319347288427,5.5459717042249,8.2965051643071,9.56067028447455,10.2018262927816,6.06178280493586,3.57028225765663,8.14531202211885,7.33270413908179,4.08625408751985,5.42582202876965,7.43226794709077,5.37260895228287,4.43319898471492,5.13822220402978,8.19568290679711,3.41930297873844,5.75587431341438,6.74793834975626,6.56429223390895,5.73382324698984,3.21362174588896,2.63279046584196,5.92465120197833,5.23009216813536,7.96653848507022,8.21373183483653,8.6580878582623
106,"basal",6.72443257736639,5.11899326674,4.02099020485262,5.3901344769612,8.70537670612843,9.48985667126538,10.3125656691138,5.50954494605994,3.35409670174183,8.08330598052335,6.34973852801794,4.60543640090268,6.15153349035237,9.3707235160846,4.69030372205634,4.71354265049273,4.9809193395751,8.3072830419163,3.62533841785909,5.83763476568836,7.37891194874884,5.00838791057963,6.05415382150817,2.86867160559694,3.00832670187554,5.19000480254297,5.05081766161624,6.10488590728337,9.39762017940843,8.79795083589969
108,"basal",5.74815639386077,5.92862675282204,3.81009227914882,5.70804297964018,8.23495011328564,9.53707165562263,9.89705897268316,5.31763525974475,3.21831224750786,8.10595592177979,7.36386873710781,4.0720137726398,6.90414296649863,7.75256619790454,4.97260623481891,4.91418265728278,5.06641179407562,9.57062712488171,3.59173136355645,5.73407877556206,6.08276098252498,4.37291938540926,5.00041788551513,2.9781951718161,3.03323091097413,4.05520674182815,4.99389917963618,8.51901383179081,10.3298922854577,7.81086105572791
109,"basal",7.83734613026995,6.12845806029645,3.78309307499855,5.54519415288586,8.58481153724033,9.32346353648042,10.3597790496503,5.56536608305072,3.2440825144381,8.55754755266427,6.55905680104313,4.39046962656847,5.32443669778461,7.94305507634344,5.09872754238227,4.7743215008468,4.9122100672627,8.54690546889333,3.44705950605487,6.01560826327254,6.9061074908081,4.37437622528845,5.08655678045162,2.91362195807423,3.00572832319818,4.37890608353726,5.01397706547129,5.78673983741194,9.58876818564824,8.43386655956243
110,"basal",6.34352685236384,5.55765429046648,3.70235199412956,5.58439128760227,9.20393438594002,9.91924980978691,10.4711319297993,5.33852674153941,3.37256567676444,7.83591164168279,6.72537145015353,4.97022210052515,7.36907744328339,8.63294209958634,4.95972414919957,4.96848017739145,4.96409151682728,9.19429026629039,3.50006460195711,5.88478245067737,7.98702522406554,4.07976413330159,5.41420182318019,3.13437066471555,3.1449017967395,5.10622729813078,4.8784000192954,6.69892494490056,9.94382336601362,9.01093931316882
111,"basal",7.89312134825334,5.15163637191334,3.84878276209003,5.74213881583606,8.82957456348164,8.78099340050673,10.483716570249,5.49121254238951,3.39943234335382,8.04464618156337,6.84556784087475,4.40558608862781,5.87583834795857,7.46747927735579,5.06835405946293,4.84610995479075,5.45779981046429,7.77128590600661,3.61246057915397,6.04429718010969,7.942652453978,4.30203906111437,5.55358087366519,2.9408212767784,3.26423732120497,5.11698168796524,4.77932335573748,5.61602469276579,9.25787222631538,8.56490812854533
112,"basal",6.79672048302633,4.86391318940158,3.63242190806968,5.55340433175964,8.32728337562258,9.33700220291923,10.2040482414235,5.11033862611009,4.0085321135629,8.06435651176944,7.07520094733509,4.45095181443587,6.71140092998522,7.4736318279549,5.05905113404128,5.02920541183822,5.16329705749052,8.7862948927526,3.63095878295858,6.01560826327254,7.35154875736255,4.15690204754713,5.08714997112683,2.99680206793572,2.99846769307915,5.19971352474036,4.85409666710266,6.56437872097793,9.61541252893773,8.1798052090578
113,"basal",6.96219437587049,5.88891434258534,3.7076730937011,5.521748598475,7.92805423225376,9.56640983409283,9.54169678750554,5.22874732151561,3.3202451148216,9.13384166037295,6.62152198543006,4.12710010930618,5.95892721564317,8.43989122281296,5.39932390435473,4.81489046297089,4.85365771891029,8.60971401406362,3.60528825040961,6.00063792076822,6.65589025956102,4.57515098544224,5.38623441463083,2.96145044122791,3.10599686041889,4.72302500668502,5.72829929626639,5.90850405092715,9.03194378558206,8.44957783816803
114,"basal",7.82910775295475,5.30414123245078,3.66349259301225,5.48551225564126,9.27036635022709,9.73589281440762,10.4595079922092,5.47076288746537,3.18934607887067,8.41614929419372,5.70310172026494,3.88951838498593,6.07377409669221,8.8233336835214,5.53932391465075,4.66537228838576,5.16810668891581,8.44296072449819,3.66229548164758,5.62714598449395,6.8324114201838,5.54080906990942,4.92982389207518,2.92803961616476,2.90487833260424,5.79354687671672,5.06421019393023,5.80255592205926,8.49048340480764,8.86746069538189
115,"basal",8.34361136305678,6.81365514559731,3.71760429628044,5.88222302013121,8.59671700673194,9.10507043215597,9.81709411051824,5.87403287713405,3.46429083759133,7.76506412618711,6.76306762617065,4.85035937882343,6.17503886510874,7.70905602477288,4.88805267343975,4.46347660811358,5.02654797046017,8.03093921276863,3.32734940334373,6.09226192159191,6.88213893587267,4.42683739593463,5.1653516375986,2.95261461623166,3.09475331932611,5.07309448088014,4.77433576444234,6.1274893392374,10.3264857466824,8.08409039426091
118,"basal",5.59072010208034,5.3665085765555,3.92852742215051,5.63160360341759,8.85503456690319,9.73770936281033,10.2746837091093,5.47243200004849,3.41974928603741,9.00976863287412,6.28136300432415,4.11815844448105,5.54351553296687,8.0274523252689,5.27320209826432,5.10154802457667,5.19541545542016,8.56101140174063,3.52503238817892,6.29145895755609,5.64135989901225,4.90382347229244,6.92395751017826,3.13355160623248,3.12071653004072,6.12328960777936,5.02258874615575,7.4046133310776,9.08433422112075,8.62648169044014
119,"basal",7.16415037588616,4.94121374798522,3.4885076661329,5.82494668484629,9.16328840634636,9.21344519910542,9.77852847944628,5.26536938528239,3.08687124593513,8.40811182177577,6.28902509056861,4.40734406083528,6.94370808597002,8.37751948003596,5.09016662881925,4.74404643856542,5.19632072902472,8.49669191612464,3.62785735103702,5.66519731389365,7.0188662058736,8.03034591088887,5.15559962928644,3.27381535392315,2.95996618210621,5.6623483105543,5.37435214585772,7.14251876715064,8.48633159247604,8.70804734209618
120,"basal",7.68857478738618,5.24463239067764,3.81208122859238,5.23227222506697,9.23428635221095,9.39043380696541,10.7490062371309,5.58976650506593,3.52676746280872,9.01880510538801,7.09405493272721,4.35597085318253,5.82697829482694,7.73748593718393,5.25606728191465,4.85340886813005,4.98389125969604,8.26399285912506,3.42687762206743,5.67778892180276,6.8147648393366,4.41990767970451,5.39800159692303,3.03667508670394,3.10889054302665,4.56397266184783,5.26536934837718,6.54285534168995,9.00314138200794,8.28965245353473
124,"basal",7.46943639808771,5.23329969867479,3.51243638205819,5.79973689365418,8.4983517175085,9.42511191352952,10.052308525154,5.42825390441932,3.57493095069855,8.14869229111835,7.04000848364532,4.2203514827948,5.5749364402636,8.08648293659204,5.24226296753742,4.84014138860574,5.08588065186083,8.12173884898496,3.29432894720108,5.98405314252805,6.64550274193648,4.55268772139129,5.0207430660405,3.05525052010158,3.15161663898617,4.80662258474747,5.27618093374465,7.50617968260588,9.17507093018218,8.16046719296329
125,"basal",7.37591895100192,5.53274057277968,3.79419801186535,5.54948693187383,8.02337381119751,8.48698324700932,9.6541697198173,5.52658793594683,4.44277786265512,8.43152565592964,6.51204457912043,4.28043778041564,4.96961704864395,8.44410565633698,5.35777431028633,4.69405533867829,5.13945297326015,8.82217113456925,3.42268619317509,5.90660895432518,7.45541441629116,4.41212009767873,4.92196263841682,3.23723020903957,2.89517848558243,5.91796908810558,4.75056057464384,6.39892467772929,8.84039483204783,8.60630715672352
128,"basal",7.26396889913057,5.6912213564282,3.83889938499282,5.79868587763259,8.53255555753779,9.41069408801752,9.98192063219442,5.59338291423202,3.32115962155973,7.97755940718792,6.02670065018273,4.13151638566459,5.45991474919354,8.90629250403195,5.5428738820715,4.62921296051757,5.20009724717707,7.75180563239713,3.49621104410051,5.95009255515833,6.25969028860143,4.52615662486746,5.66948919794232,2.75864478462578,3.0265057850718,7.20702041742257,5.06919434643046,6.08658818168701,8.49585670503231,8.52368658923784
130,"basal",7.31461515852406,5.99246017983279,3.64715263546665,5.71223348216402,8.59078937679162,9.30144657703772,10.4108212800445,5.60301183587514,3.40249041185148,7.66646740279708,6.51523343458247,4.62793411962016,6.03720797289295,9.24365404788655,4.84232630147402,4.934521445517,5.08816497296342,8.42325884943296,3.47856591798559,6.33411275889054,7.04648670089715,4.36106647992702,5.30438490388594,3.01126597720065,3.26000885836744,5.01493878080461,5.36158541051104,5.63900786868177,9.05330909394198,8.1055966441263
131,"basal",7.43009774281246,5.51540117049709,3.9242736719946,5.9014515688522,9.22913559059038,8.46055281291471,10.391192719481,5.54480290033904,3.29469237415279,8.43645320130084,7.32836635230782,4.32561445748663,5.55803957299103,8.12524826918522,5.24998057934783,4.96923422905603,4.97587406159063,7.97079161397034,3.66068333662185,6.12111113155882,5.50291617812602,4.60625776267713,5.27019788917092,3.2842541148945,2.97749424185677,5.19582122936238,5.52131515819051,6.05176322981142,9.07102669138784,8.39028923244865
135,"basal",7.15659567948784,5.26542749156458,3.76273793102331,5.88649357837588,7.92384760302125,8.58280556422504,10.0161419979741,5.54177082301586,3.58501940587889,7.65510285536205,6.7785411239002,4.01412756799847,5.62860197608202,8.45435685682251,5.42744788060997,5.0495303657173,5.35007922683085,8.46395855822866,3.38495377206793,5.83221917605058,7.27568710852398,4.40867415108599,5.63599810899139,2.92078971253056,3.16425266615233,4.98317730012421,5.26913720651033,6.82466348535074,9.07494971336694,8.16852785866075
136,"basal",8.31648512956732,6.11634754176328,3.82081366561071,5.93681562229838,8.2866306287155,9.4989340528918,9.85257601230867,5.72075627122205,3.65113088727408,8.04969220614212,7.667091427291,4.12296288790504,5.0471526846001,7.98344881167433,5.42744788060997,4.88254438648478,5.32093694593324,8.38406275267707,3.50300703278775,6.10048433125507,6.63815779233321,4.27843956118898,5.19235132406984,3.03131438804259,3.08913918292997,4.64054609634292,5.43938820454173,6.90279668194975,10.1827217480988,8.54901505654935
138,"basal",7.21777159483588,5.63679815110095,3.72724296015144,5.76817114911006,8.82040310140783,9.35084716899852,10.8514236461391,5.4890572469876,3.55860254673936,8.24307533258006,6.75875803228139,3.98819201425338,6.99426695742964,7.40395373771119,5.19198365140227,5.12315897075219,5.25647070294978,9.01972226423782,3.72835186912782,6.44210519842821,7.45211576127417,5.48726275596023,5.02315450896191,2.92197949933288,3.42541008416696,4.93233738996368,4.95321698160597,5.59051965603828,8.23804649425193,9.01194218734499
139,"basal",8.43706111746215,5.90785852074982,3.92271039385545,5.4554973587447,8.80606377989263,9.64321109687434,9.81040209753723,5.81133707120957,3.36027081462897,8.70727888795934,6.89505268062222,4.55998829748427,6.11379717194084,7.33787155594239,5.01195345923631,4.84071218654779,5.1983070971019,8.4559275661013,3.35001363413962,5.71747569199516,7.82014795465006,4.52416400972824,5.16198945403891,3.32142831782878,2.99982081738569,5.39574631211942,5.47574429250123,6.32594975823415,9.62281412646646,8.56984668863064
142,"basal",6.41602331206376,4.95970901675853,3.79580681082035,5.41998701114122,8.50013911849787,9.75720429307145,10.5783680671021,5.56423307672558,3.70110548085035,8.11935713719916,5.97262942484257,4.4515856998585,6.1640662076593,8.47007888810423,5.03227172606381,4.95098406671695,5.01398037401365,8.71492538769643,3.73424790378218,5.90605596593993,7.07876603227947,4.33244715153441,5.61960681068232,3.08546307545416,3.26686949754341,4.1414774067035,5.05894367008188,6.53900985919069,8.81616939940847,8.7772937916045
143,"basal",7.49086576557476,5.25253315317055,3.94677443522175,5.77575047006628,8.80913318047021,8.86569612355587,10.9775460727437,5.68260034348353,3.45268335372905,8.72919239204638,6.85664276730558,4.9857405153958,7.16638451303824,8.14228494338998,5.19526983871312,5.12202452087188,5.12058162834279,7.94439796626333,3.63645906108368,6.32460139997133,6.42440026996931,4.41090962400046,6.10669069825266,2.96480685791356,3.05647615179544,5.42980780553228,4.88400655838019,5.63749646286429,8.62807858754671,8.19283826045484
144,"basal",7.25704878967905,4.95838944866567,3.51963237320379,5.64878230818181,7.92737681888311,9.57901961203497,10.699490291625,5.64756178973478,3.31899612119671,7.68377186445928,6.60702320203774,4.43353627360939,6.37012239070711,8.03201689162728,5.18525136164075,4.82282131397293,5.21770159373967,8.87667698529929,3.40380388270201,5.81109308487628,6.93577156105504,4.39064349342553,5.27798259377574,3.09808094490783,3.23648701339723,4.54091592711705,4.87931960347194,6.85310618727008,9.11499290747229,8.57845639999395
145,"basal",8.61693122275814,5.16135492589265,3.82881625156745,5.77682417178217,8.53513486185307,9.23817543821254,10.2591558637257,5.61167644511077,3.33741810191129,7.62551598157661,6.03649456743987,4.52540567549856,6.40261797955445,7.63440744061521,5.32196081361343,4.90454841431018,4.85961650340403,8.09509956316563,3.27381939649441,5.90983683024947,6.70362349553338,5.33794169904541,5.59660013034733,2.96187616087574,3.0688735832298,5.36292609348406,4.84405640900928,6.02337325118303,8.14961817064761,7.50723111619933
146,"basal",8.17936519448954,5.48330758642488,4.01562614316605,5.65590712493053,7.44335612621515,8.16707477514459,10.082909900317,5.44479027167007,3.46040247344354,8.41961893221148,6.34493642046595,4.5778720092336,6.10636754687013,7.62859258021341,5.52672723531171,5.26686182110511,5.09794229432363,8.46359410207,3.85326472117269,6.54686293508768,7.20898923661883,4.54620428621242,5.45125761248936,2.93860913665828,3.15061870962004,5.77426663236468,5.15655461156929,6.07854040238813,8.78065391973864,7.4360105871214
147,"basal",8.53795571820334,5.12995224521522,4.34304112002838,6.37683169263172,7.6048804236609,8.76132630501247,10.1173265609762,5.63955899928546,3.78947573989316,7.7210719695326,7.49421938222974,4.17239874628349,5.83484524543202,7.74761330166811,5.33411416553674,4.79963752225723,5.48090151294872,8.42519419577387,3.21970293209995,5.81032697029723,6.69410573087019,4.33770068568742,4.97502817806358,3.36966984461448,3.0288064723962,5.92544593708819,5.16320391782699,6.28157217153644,8.93555373207563,7.52627917062408
148,"basal",8.08258264403779,5.70543409471028,3.85917971580031,6.04247450836161,7.94154349597709,8.95512213945779,9.7814100413518,5.56133713160721,3.90420672259488,7.71796418811995,7.24952193426752,4.44848080529765,5.56215193311047,7.95528976423067,4.97314931889042,4.65433280787064,4.86621319018484,8.64743922535296,3.66113392015479,6.01813471225215,7.51727915043468,4.32067708570673,5.02436156530617,2.97228617242487,2.92164069754802,3.91795899432449,5.23397432988333,5.14994756626652,9.47020162400606,8.26006266839226
149,"basal",5.17167981340326,4.86391730882448,3.82308954153717,5.51558940808168,9.13818837131937,9.05245003647951,10.475137357798,5.72056388362515,3.42279040090667,8.16946340850598,6.45593188067032,4.18120914168134,6.72453367816656,8.54589159832074,4.94130941713456,4.79886409702443,5.2880593715067,8.7065948150981,3.8227216028506,6.3108595216645,7.41702176799609,4.77552091793152,5.53767093185236,3.15458356999259,3.20898973362638,5.06105567454976,4.69911885579666,6.24086711734598,8.69888982156825,8.3802346501674
150,"basal",6.06060344299489,5.72626511728258,4.07149081877502,5.77907656992326,8.88054130315469,9.86426846316373,9.84253905257663,5.52133434123784,3.59117695212375,8.04995015358408,7.29120258538733,4.75835829165516,7.74219986497221,8.16347441811589,5.2663673700933,4.79384932293239,5.24706189825206,8.85295390405242,3.67658005899327,6.35301137546013,7.69298428840076,4.25908394237877,5.35260101340283,3.09322252233279,2.90989187271603,5.89313101705785,4.76148781419457,5.39891116100817,9.13259280991462,8.58517374287699
86,"HER",6.53260221590116,7.62458057118736,3.93164988077876,5.84983886213018,8.70834450539015,9.04180859750812,10.7481230433017,5.94912822497515,3.53140795532498,7.60349562343564,6.91562911428318,4.1039851462145,5.28269751308128,8.06739277620284,5.21371571798441,4.57225453084127,5.31644606997782,8.16294819597403,3.28495383772471,5.74457953791469,7.12147988139803,4.50597085071752,5.0682943162056,3.18854307246215,2.95251870972728,4.594208973361,5.78061533363976,9.08292405309909,9.35766787282601,8.46528130168571
88,"HER",8.11379786630499,5.56090651530432,4.00590473058544,5.7936403370065,8.79755651517787,10.1550193061129,10.8961890412293,5.76592240368468,3.11545787725245,7.94966689339299,8.18393608396515,4.02977768169772,7.05827243530773,7.4755232635947,5.48514250791228,4.56706947625036,5.64903043238915,8.87249906655147,3.47281310248528,6.06285182364442,5.66773223835512,4.3126176583808,5.1699920530034,3.16435044831818,3.01072794270019,5.35066613434314,4.69766911236349,6.18039228046155,9.4352017305448,8.85762710545791
89,"HER",5.97512314244757,7.01331360146681,3.98591080842386,5.68245555631378,8.80439626897722,9.69029254450203,10.6446973856358,5.56302507827179,3.21190759963063,8.1731678054313,7.81145279332832,4.02308142240894,5.85910898712889,8.44265063414679,5.19275230672247,4.58758432419008,5.29024050753915,8.33872069345436,3.42396680628384,5.42890024195142,6.93168979631105,4.45094571268737,5.51728190718555,3.31582775551954,2.97178235691954,5.55070048520327,4.81832401384534,6.93897380891794,9.57192685695171,8.39078316633572
95,"HER",7.95371025390184,5.9022496507162,4.06939214102,5.77110808144893,8.15898078350927,9.21646295758601,10.4364084474515,5.75244930884586,3.25331033455724,8.30551555007175,6.00025937964638,3.99008569245862,5.47139918729914,8.41922051999381,5.18488230089008,4.68396707702209,5.27705160250456,7.71853221571813,3.25844470408942,6.23791385696233,5.41295791660663,4.07145749653177,4.49449271332441,2.92168792726671,2.8408672782334,5.05950912129533,5.43341952032169,7.60015048460282,8.95613794384795,7.92448364813131
96,"HER",7.05762412043003,6.27340740050558,4.43064343826459,5.50179529529363,8.7241606087176,10.6014794585137,10.9547851957698,6.26733751593678,3.27296279508563,7.7503861992056,7.13629266972149,3.67652178077783,6.42723678592682,7.59746165999198,5.35174848604379,5.23897035412511,5.54829001492145,8.75955210766987,3.17349705961572,5.96128549424559,6.89197547876668,6.20312863630402,4.92402927487664,3.09071473475437,3.06188355771218,5.1298875972213,4.83176945667768,5.87497020971297,9.90513714447387,8.20948049508659
97,"HER",8.06250556019216,6.74095318867554,4.11814730197685,5.88458217377012,8.6026698951286,9.73374128578155,10.8935299487518,5.65465955781223,3.12757027114041,7.33992806857988,7.08601996430498,4.30468174884174,6.9076292501537,8.04011551168555,4.94033822099595,4.61168743672852,5.15249100192443,8.24446516814001,3.4005436309705,5.65912489124294,6.46973755053865,4.05686443714232,5.25078762744599,3.02912383639374,3.04535226380364,3.87722889127656,4.76590546690376,7.1405733804492,9.08876993298725,8.22208224173961
98,"HER",8.10875468978703,5.95298941710816,4.03871676061324,5.88155702990211,8.53195637006184,9.26224166354051,10.6592433507482,5.99748125489891,3.39398744196373,7.63169992224478,7.22668424964569,4.0669350890788,5.54610437788722,7.92193933691687,5.04826689200361,4.58411982708045,5.29776870320261,8.35897163385957,3.11763333796733,5.74409298795953,6.44033027897504,4.20664860984205,5.51161173473194,2.88228355789767,3.00281770595211,4.42949471541741,4.95281474072659,8.84360170641621,9.11538380626766,8.02095824908951
100,"HER",7.52991257405802,7.19822744706176,4.20392448503504,5.37550629205927,8.47017040590797,8.84938463495171,11.1801366273685,5.5334164588115,3.3852788369745,8.03961377607024,6.80450182799683,4.04118560232585,6.44730149186374,8.48656814169516,5.10091459510207,4.56871866490528,5.07307240208309,8.48765992597804,3.03308442770268,5.79459611900617,6.25773780370797,4.31443512600316,6.52746155637512,3.19645480929459,3.01980043841338,5.40127536607167,5.0929281676008,5.99647222710175,9.0641889610508,8.34529966742903
103,"HER",7.1306171636954,6.41261645815264,3.88675316633003,5.73813294383684,9.56769885034442,9.00751543623847,10.2265461266616,5.73380413506436,3.68266794052122,7.95692020799873,6.24403532864379,4.32143717009719,5.44128843872159,8.24241019397199,5.09109485400778,4.718046978071,5.1287619907703,7.7987032095964,3.71211636778425,6.0284203601744,6.80506446342533,4.54413944137064,5.27117490634806,3.02843687421507,3.13691873847561,4.02673217656491,5.35625626741791,7.3438064011929,9.39322594340567,8.44768816958894
104,"HER",6.92809966620566,6.21864320234567,3.82217679663879,5.65811053583942,8.82237829984544,9.64352744668218,10.2519890900609,5.63914357582929,3.50165420035153,8.00271504960489,7.18600158966967,4.17246420944162,5.83563344377918,8.03087299294184,5.14765649467603,4.64441842734935,5.19045891206703,8.67545956853267,3.53963452577872,5.74096109836089,6.13674375475707,4.36869154287024,5.35434780276066,3.1054284040452,2.97759648836398,4.10408629093412,5.40871564819879,6.79359173399677,8.88704910156854,8.10912629189685
105,"HER",6.54652179660383,7.04724068221323,3.96857438304454,5.56288779704608,8.95750265887184,9.71175289611278,10.4866842103913,5.9929920958163,3.17018017125416,8.16992071623674,8.41394740698148,4.09849883119259,6.04722699112635,7.84520363974741,5.15976264801817,4.84284882548846,5.57208663069232,8.67314617428499,3.12876376174,6.30168789972754,5.89302000525286,4.43374632129295,5.56953200920005,3.25862649604182,2.89737867550486,5.32435951902079,5.08716166732716,7.24479896442047,9.01791579648898,8.22565588842842
107,"HER",6.06214465179533,5.33475885478154,4.14829036053112,5.84955006466932,9.48054713834716,9.11054054936836,10.2597453411983,5.89787091854435,3.44700363638733,7.64715178660008,6.80062682254584,5.35153985437709,6.86948553273009,8.11485258723602,5.44015417775908,4.76147742954393,5.21305384758147,8.97897258015897,3.5650235638724,6.01797242573593,6.79722450178213,4.47754592284074,5.32078277352399,2.95019504205546,3.10870053174325,4.18640942350387,5.29985732390847,6.18702941720523,9.0310200617661,7.86943560363003
116,"HER",6.48739355811195,5.18397937894439,3.83984349236415,5.72843660951923,9.55159242847936,10.0496962918518,10.8460275823786,5.42335328701617,3.53691968141734,8.05840173553743,6.3464651300626,5.54538819973955,6.16022843927214,8.19519197234236,5.25540666634381,4.93937700178353,5.22837600467979,9.12026218564981,3.83375796935522,6.06588388729148,7.08662062710828,4.46265665294205,5.38338061842629,3.11443672396982,2.94764670028664,5.12571164123168,5.23654467442192,6.49943341422221,8.26794201164883,7.85270321578241
117,"HER",7.00711688006913,5.62378148303621,3.94653029781624,5.61046372929622,8.19118323300586,9.38057118361952,10.2686085946701,5.78826757564627,3.61453757492277,8.5555569222233,7.16577186499544,4.6377245485645,7.24703422820695,8.02684747778831,5.26910887266064,4.78428207702617,5.3301121382043,9.18746169988955,3.76395685613294,6.57824513814191,6.33609309045161,4.41871514160964,5.19395167689848,3.1338870104724,2.93095926267134,5.46173500581925,5.28225773611904,6.67294022940611,9.84041722859605,8.43981324240041
121,"HER",6.99874573868107,5.28345666970103,3.79467138225646,5.7089670143522,8.90599003656967,9.71205415688711,10.6772403028015,5.59280118987107,3.45393374653913,8.05620427727268,6.76227180378942,4.04179885518143,6.66944932646703,8.43840396852156,5.24016426258399,4.8210534075733,5.11059443072695,8.38791076722396,3.90127382227522,5.73440462661056,6.17046562023927,4.09816612132023,5.03670037178562,3.03217143873984,2.95816453889619,4.31899195291383,5.36053499255924,7.33418580706762,8.93746673585829,8.01189994235339
122,"HER",6.2374593318739,5.69486723951695,3.86032390865656,5.70145742069068,8.81053324449569,9.23432946821679,10.5994128508982,5.57045195355282,3.43430819656042,8.26167945703199,7.05985833361111,4.60921866392938,6.16128338563465,8.41626829038123,5.00215014545373,4.73159243626025,5.63213043798974,8.98218384263443,3.53545666680151,5.96468755402699,7.0486889418701,4.11203512275407,5.00373196224636,2.89948978481894,3.17164287050569,4.7970973073324,5.26087583449947,7.30093555261926,8.60536261970678,8.48798291311864
123,"HER",6.68352279121334,5.23657990684507,3.57389492748268,5.55834056514686,8.81598985072694,9.17435503908119,10.7715996009848,5.35004734880509,3.29148153641984,8.1447490344334,6.60941419681975,4.22437496665629,6.85114629945906,8.04657593411687,5.0047374603798,5.24557960300169,5.05537514148829,9.4385930231569,3.61271769204272,6.01827051744058,6.72345309563101,4.45771877113055,5.39800159692303,3.14523545352069,3.193743896853,5.77351611454384,4.75138941710467,7.60967057693386,8.97105541885655,8.28780098047799
126,"HER",4.980374251503,4.80664521126194,3.81157889393032,5.94335806467903,8.05104732496922,9.52090610686689,11.2111712997407,5.5130885434263,3.4809451797523,8.37528772520142,5.99030415236337,4.59184003905504,6.22824145359805,7.4521828555701,5.25968675793462,4.83704951951931,5.74928570802454,8.46643520112965,3.49504286587025,5.94180076417617,6.73840014459709,4.37471693070327,5.09065123138666,2.89333364300732,3.21186134913333,4.62918291464596,5.24125076186928,6.81377010253552,8.71895587699767,8.71383364321551
127,"HER",5.70242666090424,5.22087972492782,3.74319276094643,5.91856828362603,8.10602090809219,10.2095988628862,10.5682646362494,5.2050776692605,3.41423779258917,7.66538257094095,6.39983094623635,4.92547015254075,5.92480405812088,8.15072316327116,5.17591383306521,4.69466865275722,5.35395196606873,8.95946970713605,3.99889899792325,6.16485980943976,7.07122546769146,4.45893316108457,5.81871268213064,3.09509470792,3.10736476729641,5.64983877749778,4.95109802065409,6.43755084207942,9.30082700802838,8.40274755850418
129,"HER",7.33806134427821,5.45270232850783,3.97288710915975,5.71111811595203,8.38238530995543,8.76623390202471,10.3750695859371,5.81887937176204,3.52368092952772,7.83536571016809,7.06525612997464,4.79288314990052,6.09304628817239,8.2536205756796,4.98475857064255,4.70310525048477,4.95148213846586,8.34496388365532,3.12707211702971,6.10910451437322,7.67303802138236,4.29287181937501,5.26014102638198,3.05558855831782,3.03286305275735,4.32583647431119,5.21379867617244,8.16010017632838,8.93727626010182,8.55759917630101
132,"HER",6.39613241822824,6.27104056789815,3.78682036478606,5.81649070480069,8.07492772349566,9.10850711222464,10.9167600672566,5.77008814978552,3.2706468653941,7.89327430391114,6.1330619646525,5.57307321161878,4.89526593284638,7.94793502817302,5.3780916448594,4.82957462565756,5.02567081759999,8.90696733665835,3.54133103511976,6.04135671097474,6.88092734326167,4.47368981598211,4.96998906510288,2.95280490848409,3.02193838875809,5.60103900402358,5.12816618656025,8.09122220399352,8.74371238570066,8.06481694355561
133,"HER",6.64241941527132,5.38501694485419,3.89832235752093,5.96060209571821,9.40111388308482,9.66258187087638,10.5567130425529,5.44162255401143,4.01406928196067,7.87949421534197,6.43916052753339,5.28161842311483,6.15948083588825,8.07748702864188,5.01367057477262,5.18039578869699,5.18780237911498,8.30974151100514,3.50556467157389,6.06161713227571,6.82857024780736,4.36739124976934,5.50259003021171,2.95431021711598,2.77535119196632,5.15198138921976,5.16500076066253,6.681971787191,9.48373084043865,7.53231540138033
134,"HER",6.63268153399213,5.21239300552381,3.88484602765424,5.48105847505513,8.48692272019401,9.04502827588701,10.1387469772724,5.75593053857164,3.2865524790086,8.00891532108286,6.16275828788583,4.24989953760215,5.86823330965911,8.21515388350282,5.2889634123496,4.75297042014624,5.17873294032834,8.49898523905317,3.35007420884347,5.93855214068578,6.79158783450365,4.32636691037814,5.24607151054757,2.92537367198827,2.96876244208555,5.53325256540229,4.91722597918887,6.42322014813563,8.63700404825044,8.77512826008477
137,"HER",5.57411669827086,5.17095911232796,3.90273017582981,5.66552143039592,8.22758062626487,9.10068707402824,9.9189751961682,5.65557130717164,3.43104006428729,7.14778076130347,7.45181079281203,4.6961052424,6.40134101449759,8.36051065533927,5.53429450852967,5.20135950509268,5.17645392240824,8.52864856325574,3.4875180114524,6.15596313317533,7.13564241372077,4.52183493984235,5.94290552640531,3.16121302497547,3.02275488615436,4.9495365255892,5.14020408186072,7.07689849662743,9.08412504616545,8.50053483475622
140,"HER",6.54645331161225,4.52760973523352,3.89392015970147,5.66796333041215,8.40343063118813,8.66648388577611,10.3411683097346,5.55544861095954,3.90187072881533,7.79954916031742,6.34466581270896,5.19825503718151,5.31508446973357,7.98266777683879,5.03591412221673,4.79833221985021,5.28847624423672,8.09995192126534,3.33028801941389,5.61787739540145,7.40516605031702,4.27487020277583,6.21545751298118,2.98196963529946,3.18618149498338,4.8597996268084,4.89492910185674,6.97147297244934,8.96556035847673,9.0102182578821
141,"HER",7.16252706219568,6.24427788837341,3.66124969051149,5.82401302844079,8.61093152142955,9.32672897146084,10.555898866744,5.42752635093243,3.72198799957145,8.00329974184075,7.36540657393746,4.82060168834735,6.17267867389576,8.08731378566794,5.40059977550423,4.65094505116315,5.16274056741684,8.41944940584301,3.40021376568615,6.08626103491507,8.23999554706712,4.35289483408924,4.88597710099097,2.95151916111054,3.20565173399001,4.91266201034495,5.32210559412731,5.36918700902286,8.95433974997883,8.79253791732405
151,"HER",6.82046061737423,6.86621883190695,3.83199573117001,5.48928223569109,9.13640049919391,9.26594842872994,9.75717018533844,5.36684454307162,3.17010351776658,7.94831955581231,7.05062091736289,4.96868134588444,7.71190775438809,9.05785029901417,5.3010605164749,4.78995923337274,4.77042504246712,8.72100677909342,3.24832304664542,5.64317576529955,7.13066783180324,4.218990710045,5.20903723365616,2.83439679764904,2.8961023320201,4.98883034795436,4.98820670921334,8.98450108828597,9.08162134081535,8.36473400285892
152,"HER",5.81764146464729,5.94675808200683,3.91350951971134,5.68496792521768,8.66822000053282,9.33002728273043,9.59220844106065,5.72296526945829,3.53843475049075,7.90059193193751,6.79205492880833,4.1297704393486,5.93906156818924,8.18432896048907,4.92525335075622,5.14627461772502,5.49348370592262,9.13000778328747,3.78040371847229,6.22210750529438,7.05450760120707,4.1683112669875,5.2388812290464,3.13224676737459,3.27944807240836,4.95821237032917,5.38780906333559,6.33825171468835,8.44488500563905,7.91238501664917
153,"HER",5.52452035158405,5.07980222237094,4.15804900672345,5.81494852305223,8.85793725707628,9.29118769756162,10.5789327656813,5.84472886957957,3.70977765530179,8.31795142321185,7.35755035354728,4.37502810469322,6.73614777962715,7.76618324750139,5.16251900157076,5.12882524145297,5.36209826406442,9.03942576621175,3.46782820174633,5.93645524033231,6.37450293473879,4.39603641093998,5.46159150607376,2.9408512516704,2.93233383916739,5.51684170968243,5.15907069408687,5.61297529056647,8.77203839726563,8.31799309487498
154,"HER",6.76941533402496,7.38816690487656,3.64714809590758,5.68208327429427,8.66911695296131,9.2280071617927,11.3109773567276,5.69886263711642,3.28230924786183,8.18018318808403,8.16213875812981,4.5568603869369,7.4468357863884,7.85089474178702,5.03914183071103,4.67507128826602,5.20666642551134,9.45347326326164,3.52901518265838,5.78137851023468,7.32288382381803,4.25344945353757,5.45569614365039,3.09511831901121,3.10970914525027,4.7996708290096,4.98947300798352,7.48078688190903,9.41733533012239,8.06221658723836
155,"cell_line",5.87961297421664,5.06040735146314,4.26725925994042,5.96352378240429,8.63654498654758,9.93855837942075,11.205838723182,5.84635894452061,3.30427432437542,9.30409539724732,6.49615106170876,4.73765930836405,6.74960087533381,7.82505462175199,5.47966045967953,5.18564502395961,5.52968348323645,9.21136348520803,3.78733498584038,5.72230449840409,7.48800409481714,4.64976106900014,5.29673607688021,3.1560543429404,3.06201217651816,5.38837447241478,4.45347312447443,5.39643594470545,10.1446662592861,8.88806846191035
156,"cell_line",7.99501600399211,5.07332828257539,4.22121443292019,5.74588327034125,8.38580407752479,9.33538554449807,10.2494074263679,5.8751203076961,3.40333678249404,8.28679663535485,7.77080106975919,4.16004975415562,6.79524631563574,8.98271108112148,5.54194733500647,4.98441703298346,5.35285562745816,9.28723071578808,3.61369527053012,5.86186761442037,8.32770271865923,4.44256516314163,5.1730575749825,2.99195542822087,3.06510494272959,5.62710903319365,4.83089351701967,5.6307996659147,9.57579610132266,8.21379198047234
157,"cell_line",6.00643550213735,5.14723003950687,4.25908692711283,5.78008090951217,9.1651790593393,10.3063670934808,10.8838347902696,5.55091543852441,3.69021017063559,8.05258284958315,7.1999675208402,4.90642979398711,7.53986371916946,7.59929591388451,5.41219686723812,4.99918996411421,5.41352292157555,8.66725305935346,3.75282967656602,5.82356841924257,9.07746430465148,4.53684233082005,5.1957523453438,3.01353511583516,3.0197539836756,6.84593052762133,4.90526853176632,5.15456660495485,8.89949235929032,8.21762747994653
158,"cell_line",8.9235102822915,4.78134806266659,4.41974420656999,5.51053359763721,8.93824488706645,9.51671693583908,10.1939718480522,5.97637288593811,3.4084126855824,8.78472286447888,6.32097507374577,4.03714011839851,6.03136188247784,8.31100691870506,5.13636771327718,5.16779101147482,6.1422647227685,8.87676926893294,3.31679844908349,5.70157573424843,9.41498719888327,4.48456800487583,5.28338952841571,3.22098814854372,3.16196830587976,4.17688364789637,4.26447834435505,6.27242914187948,10.2117396429026,8.88629320071037
159,"cell_line",6.61861871395597,5.0687083202399,4.14040001681008,5.87264409496134,8.76717396238403,10.1588388542893,10.7026233633995,5.87264409496134,3.54059610638068,9.16799979022405,6.98524323484453,4.27965335515862,7.34599072735292,7.81196611401406,5.4319246050377,5.42543725434464,5.53749532763683,8.78078551263261,3.75036322266001,5.69986965478947,7.48269030318565,4.59853298699364,5.41961696095862,2.87338132969407,3.06605460762501,5.56046071528838,5.0101644977962,5.43394885916998,9.94883406656016,7.68359965107005
160,"cell_line",7.26952459027144,4.61610210358773,3.98300263515118,5.40236677631967,8.76245408487856,9.57175273265289,10.6896316138194,6.02317498539128,3.7853723711747,9.10994283172614,6.55199809225653,4.60876132606608,7.672273892168,7.30162095662318,5.24844057951084,4.84819615005616,5.56355304351026,8.46757662390977,3.50622749629329,5.97653720111902,8.65286027171709,4.63998838008271,5.84547566046658,2.83505464092079,3.24731268328433,6.14601178212987,4.59491267851162,5.89299843347396,9.42650171424642,9.11643255387036
161,"cell_line",4.85674688080467,5.04544506186116,4.08321173173173,5.72197009189685,8.62970077989518,9.71114377781549,9.39840570973335,5.46841274758157,3.87731833486215,8.66690919836277,5.82959146565489,3.78862427334438,7.0354594261963,8.89738440954979,5.42520767919869,5.28632992821279,5.0830370937949,8.2651402577854,3.99189065357502,6.05932695924866,7.24148000769424,4.65720288197871,5.30527156124511,3.60961604761988,3.12661346597753,5.88849556923207,4.8515165796501,5.33337963154357,8.99231272919626,7.67266724093613
162,"cell_line",4.84710026605797,4.98513613233959,4.13312583336062,5.47007514291566,8.36688279255101,9.7135003825809,11.1647358920171,5.9912814298538,3.47960941131837,9.22276248222287,6.99157263316472,4.17382332812516,4.6435659184588,8.30635998047548,5.72064577119331,5.17001680846363,5.39050394048207,7.63996886128321,4.00239368633773,5.79299955151506,7.77277472692876,4.6765634419182,6.27427475536729,3.01353511583516,3.13239008697868,8.12102659207783,5.07116612691289,5.92008222990668,11.2009422978318,9.67012910717128
163,"cell_line",4.57211853171737,4.82827656484221,3.91345966346326,5.33207785520569,9.01255086545478,10.4157608836664,11.2948236711131,5.50801211945704,3.68117568977039,8.42163882723486,6.67280168328212,3.94670068774423,5.44525270558985,9.02139123516152,5.15668063412231,4.83588627745345,6.14375011859366,9.04120420200026,3.55281643613773,5.91747842536828,7.38941425402228,4.26118445639624,4.93083140887281,3.44047696797529,2.97456905819431,4.97880792613103,4.43300036117866,5.88998280518052,11.1254892378704,9.35906238322731
164,"cell_line",4.69664042164754,4.91764498688958,4.17136230931273,5.77434492255892,8.85548429259848,8.98669196605296,11.0228947498304,6.21307384814429,3.52820322602626,8.13646876768268,7.00759479991707,3.93100176852189,4.57316402875125,9.82580374218117,5.56544291146871,4.99164728010658,5.49331153779356,8.09823966037741,4.27328737436539,6.03301064319742,8.29282085698019,4.4927228744989,5.26135655433037,2.84338727496195,3.12395090132338,6.00178267274752,4.8131174057565,6.10452559861453,10.4095688772863,10.1831517322865
165,"cell_line",4.35977811578713,4.84397793727223,4.13016238358502,5.90361063480116,8.98635852621689,9.46216423081298,10.9735504054842,5.71371125160433,3.54465822659599,8.89573374036359,6.80700907025125,4.16345967206187,4.42683803495307,8.66120054118938,5.72220069362772,5.02028836891977,5.12332226235316,8.41107012251853,4.09950970509272,5.79499381518,7.5705623776164,4.4643065322622,5.49066148365229,3.12496242360078,3.17573261766153,7.75145890058895,4.99327716143197,5.66881817794725,8.11529620119694,9.96162884898641
166,"cell_line",4.60237982970671,5.30825363550835,4.11151393657811,5.80042276980061,8.43105444640142,9.68916382693522,11.0602208633498,6.16876108749555,3.98822713793286,8.52289519177642,8.82421981084691,4.4621216993259,5.90549331118082,7.32260378546787,5.6806383420896,4.7264189939053,5.60210752528971,9.2643161332455,4.16678472632692,5.67469035505317,7.76721173822813,4.45608207612354,5.48229314143708,3.07867540766887,3.10518154904488,6.33498258980333,4.83017956943547,5.90351348781591,10.076176141254,8.4256732733903
167,"cell_line",6.33995280567241,5.06656949882774,4.10784625692511,5.47294118644742,8.97428941467825,9.68620614420844,11.7482136422251,5.86364861138531,3.56654678440328,8.38672512282661,7.27527759243015,3.69328316703089,5.83319139636754,9.03622232087108,5.25408066779257,5.30611579009444,5.92433999979566,8.77689591762649,3.58410602379305,5.79680068887877,7.81731793260181,4.36656609789417,5.77320632059512,2.98527084274808,2.97228590429698,5.12863885094506,4.83529632657597,5.48947482628616,10.2928636183622,8.90246199978171
168,"cell_line",7.80551412630443,4.688469095436,4.20220332598056,5.80035510906247,9.22033915507116,10.147582901539,12.129473223446,6.21959127278751,3.8542814218904,7.67965431788104,7.36116584763193,4.57963225963871,6.7739692552537,8.24395693207305,5.37406267994728,5.00551090737118,5.47380126485814,8.27848656070167,3.83798647620445,6.15801578537046,7.77787619591878,4.71587348362298,5.6426502362132,2.97697432253336,3.08477452287752,6.25877953368768,4.68988941063036,5.59463730128132,8.87535699915086,9.08706432491731
171,"normal",4.98492313672994,5.47216844662473,3.87523440137579,5.79013651385436,8.12902617030007,8.11588442120205,8.88524680182569,5.43489260812472,3.67411376029109,7.29879857464524,6.86795183450922,4.32725833023922,5.89353328214917,8.69190883432752,5.40882591982175,5.29642086853672,4.99979217544256,6.90901994224751,3.94321550032978,6.6036979419657,7.11023413829022,4.5140155927946,5.91901945205795,2.838054114006,3.39497650383932,5.83344957106561,4.86952164527128,12.021357808687,8.40229708973408,8.9514198202068
172,"normal",6.02794579338994,5.23892723295919,4.17308368046756,5.46226511973326,8.58298049149795,7.99130084109976,9.16723155520171,5.39326771074869,3.14365972414228,7.48637068989545,6.22279291438106,3.79881884392674,6.1956336267983,8.16431859780965,5.2718548848577,4.72151867298283,5.55640351422335,6.9812104547428,3.75867739423535,6.06885994911146,8.00881682478577,4.19963019234181,6.29056967126578,3.39671173556697,3.05208158933247,5.89397346196572,4.82393713761904,10.1173015454063,8.5796318004413,9.47618506069266
173,"normal",5.24502641698134,5.33511863907297,3.96926275699952,5.88996371928433,8.4941546249323,7.76853241540032,8.98588296658033,5.43478413739486,3.68096290469504,7.02236596129822,6.0791524883631,4.1053296975756,6.77968848818768,8.02229816969813,5.22532229644421,4.95882527625725,5.18477843120304,7.07735672200891,3.79497461186591,6.45757218214332,7.53537796307758,4.74172788899839,5.7352657122253,3.1579132640081,3.28192124700969,5.70432527390824,4.89195969396224,9.86400281660768,8.60504666143389,9.33522045387808
174,"normal",6.02555067531376,5.52155890099207,4.24934082985334,6.1390215368275,7.94474961412009,7.26624032352653,9.46494149381132,5.57963343156124,3.6738384472435,7.26868848330851,5.6535942434215,4.23250406813636,6.00885867278205,8.38116334777456,5.39705967759072,5.47193078301133,5.52193764797748,6.37365875167225,3.96306682439438,6.90847769138457,8.12455593570625,4.56929576912037,5.90917452420835,3.32560916868135,2.98007929242091,5.65830406860327,4.78126009894712,9.90317614658995,8.29654511458138,9.40776967073446
175,"normal",5.75186506302582,5.57079161402196,4.1908961975273,6.10574942626144,8.11926294402154,7.81962119084105,9.38910647194619,5.6938692416102,3.79373897303943,7.28249304339094,5.63959547463843,4.0372031401057,6.92953438355947,7.92082757761978,5.88862915895458,5.92102970239966,5.2781974406319,5.66451876069942,3.37449164748803,6.69461877500301,7.67692220965057,4.91952872843971,5.6482414435945,3.69797622739674,3.20664890970223,5.42827025896909,5.0581060826899,8.28704657875378,7.9899660434809,8.8148891833821
177,"normal",5.31073249075826,5.34468584087265,3.93390653620821,5.75141070988567,8.0134339741713,8.23115585971293,9.18262746989318,5.63790854992941,3.72621728155051,7.66682275646863,6.09106415835472,4.18231556549623,6.36876355355132,7.64599165382676,5.78987762436953,5.405086060161,5.2922809958953,6.07376664371686,3.83545640764113,6.51377604845742,7.72496201292979,4.70728396907971,5.57597140088689,3.13986419658357,3.39653801417872,5.68884653414966,4.92485134382673,11.5562005136333,8.33542573668998,9.11046468846146
178,"normal",5.82916918286863,5.27353216481159,3.90435301711049,5.83155658574677,8.29610162117928,7.98599179831835,9.80181342647569,5.53173492611534,3.65418995262067,7.59403403002449,5.37227023461663,4.04031269190502,7.04336653998632,7.25684734526128,5.76895741380146,5.24216053990259,6.02478196589083,6.11808037584774,4.30188871786923,6.72311004467255,8.50578197214836,4.77710315230455,5.93432851253078,3.41355188219286,3.01896050886181,5.35231866896811,5.79975887890524,9.64221220124332,8.3128455984244,8.8895922591363
180,"luminal_A",6.55412928271938,6.59958871554904,3.89541259063688,5.33521280569451,8.51625090417988,8.75860201111139,9.83522163063796,5.49216559230697,3.6870975674405,7.41618824634291,6.26087034900146,4.64460695808894,6.45345958828995,9.09725618621857,5.2548235886306,4.85148746841213,5.26653384768315,7.78848223167168,3.55330528659406,6.26632486560811,6.66671957426677,4.36422164238742,5.5486796075724,2.77981373641766,3.20971536510054,5.10521560390681,5.03655545265639,9.19759636340332,8.52998019775582,8.56935692661753
181,"luminal_A",6.17105518024797,6.01240377541878,3.62494642067262,5.67045464572838,8.3223018774621,8.75678224588601,10.1617810345048,5.84268685856955,3.39552838067402,8.02296355197034,6.03305334179004,4.4827927391978,6.90070041069637,8.93126450306787,5.58929714519274,5.22441241257439,5.11595899934486,7.72131086677435,3.75701049282899,6.1086010724022,7.22357115118216,4.61294142800245,5.39949958364503,3.01100029877038,3.0446191356724,4.52056344270457,4.85103959170279,7.54673229267691,8.11859431178276,8.33416929349
184,"luminal_A",5.91080209935385,5.03356138278493,3.85824652953424,5.52635133663633,8.441756653371,8.77111105099387,9.9526975287952,5.40127964704697,3.62494642067262,7.72394425507876,6.61314975807999,4.14156742789134,6.50952360920927,8.89167096776497,5.42106336331357,5.04040865774798,4.75658982893547,7.54869615071954,3.7345682380451,6.04741017284369,7.22738531085367,4.17194298198286,5.4399454075167,3.00404761023308,3.12377398270463,5.22341379946538,5.17856278762805,7.46990899383472,8.08290359659724,8.66944846301676
187,"luminal_A",6.51528392274897,6.29044121298269,4.2665797962101,5.813764447863,8.65646308826044,9.00336690720312,10.4440330386798,5.39641699714648,3.61954930532378,7.50559434812408,6.41311815490032,4.83842826404235,6.50723283013907,9.09586710246355,5.27210761208999,5.10321616876501,5.61359279597957,7.43656691890459,3.79344255589892,5.9366263098135,7.00432233296264,4.43656614655949,5.54825782861173,2.84906819535579,3.02617131676591,4.71435899656181,4.88820044247768,8.23743898311496,8.35964895569034,8.62284751655045
190,"luminal_A",7.38843639673345,5.77353575060362,3.60553256657779,5.88642495356081,8.63531641178779,8.55031941843421,9.55129358401228,5.45090148151123,3.35134246736663,7.71467152352444,6.14427887121485,4.02149676741347,6.59420935702146,8.49497432529865,4.84397107383221,4.39399096289747,5.51540756497399,7.80279606237773,3.29810382341149,5.51902854544186,7.49708930611396,4.13879504040369,5.36811306633631,2.97408746009279,3.00498581828172,4.86753689541716,4.8566610084048,10.3288490654373,8.55689332899698,9.10702527802052
191,"luminal_A",6.53540432564222,5.29602787122386,3.90405001136195,5.86676483730845,8.61177447530721,8.47937514603934,9.77617921268052,5.73078644030892,3.33642007703759,7.65044771730248,6.59871333379238,4.22020145095939,6.00784019844435,8.35604099952101,5.72709503013568,4.9139855861913,5.43604878999756,7.41450618304273,3.41023063446753,6.01986013964679,7.363083626827,4.67451240359589,5.52531154693641,2.96233149579615,3.18918786142709,4.67378282120807,5.40445109669365,7.67480808380155,8.66548822900838,9.12255080325709
194,"luminal_A",6.22461450278569,5.1573406503101,3.7560778098734,5.62970512551135,8.56497002262436,8.94810824554676,10.0636171199865,5.63749473722387,3.33176354356272,7.78311210089444,6.17413620331376,4.18500618767648,6.58691052264371,8.61498862470316,4.93606218484794,4.7337265224762,5.31627025313817,7.68653720716258,3.3730039132746,5.79983185684207,7.43879241713766,4.50689604871241,5.59412729624606,2.96941197683819,3.06433490541071,5.38751971934243,5.01785040078625,9.48702778230519,8.55543402302659,9.14574463238849
195,"luminal_A",6.06078936769735,5.08359656351405,3.69850205767891,5.55077243499063,8.43529490900587,8.67917054318194,9.55201639595596,5.59706660226223,3.10319673210441,7.63121026710827,6.03649726236959,4.17676722025864,7.08103320206862,8.62214355279398,5.1868305480537,4.66908831451268,5.30232773905072,7.67862059120115,3.44518513911731,5.83221917605058,7.3659097570424,4.25436879998221,5.17517355405178,2.93487544960044,2.94949576161897,4.97694943497288,5.09494280408545,8.06552638281372,8.12022052940895,8.94307455537054
199,"luminal_A",5.45253645717146,5.30989278510438,4.04660509293658,6.06611633760784,8.35664003326435,8.49058719648906,9.22737188460961,5.62652636323485,3.6992037062735,7.05953178749838,6.48370481276272,4.34565674602873,6.84649858772932,8.76818811193344,5.56724752796725,4.84654412284501,4.7954282163715,7.88123360091264,3.60051299849506,6.26548474217168,7.33142389912932,4.58209223227295,5.89108516948522,2.79524822873002,2.99910548834724,4.69824641403716,4.93411565123824,7.69431237419171,8.69467003875221,8.65220179036253
200,"luminal_A",6.41160206643403,5.09993592701765,3.99353650400092,5.8830436078024,8.4301890273551,8.57078731488668,9.15351318624657,5.70885754779682,3.63044382236553,7.69042020605938,5.89779882664535,4.57853936311249,7.00245121167347,8.77956592750759,5.58871154088461,5.04784541199262,4.80088543118058,7.94235110503317,3.83830003601641,5.92100820769896,7.35033037837667,4.42131857656201,5.76836323800882,2.88648635755831,3.12103003649258,5.49505225260932,4.95753027493692,7.15943722672584,8.14567052884081,8.68068639039005
203,"luminal_A",6.10261799316397,6.57123770119911,4.11813924456956,5.64867533702644,8.58146051694284,8.65835685908001,10.475494576696,5.76530822442051,3.9433531316767,6.98741879491483,6.01221184240034,3.99408606384514,7.95483606913264,8.80826244989797,5.0343549179728,5.00016610929787,5.61428519885077,6.97155455837715,3.58856307874706,5.78875883540598,7.3306873396269,4.32355463378024,5.66000756995009,2.80638822633715,3.04952358858039,5.32456592577009,4.70367263464157,7.69289530744868,9.10284935633482,9.20912020182016
204,"luminal_A",6.30954096858965,5.30660884847548,4.09551712554276,5.74213881583606,8.54693412314747,8.52133710377084,10.0236483030273,5.56259173313993,3.42211029996553,7.70566222381317,6.0746446854206,3.87084327313964,6.41851164858567,8.5020406681965,5.38122098812062,4.74026099529942,5.21305384758147,6.39295957242235,3.97694138364909,6.21228684218405,7.16143243768998,4.59994766279299,5.34780252732376,2.80725587456654,2.82498451153943,5.1601319759507,4.90885102091381,8.25621750873067,8.29019921839043,8.87576306174739
205,"luminal_A",6.54916814959792,5.882172506662,4.01414822157016,5.62461610567193,8.57278144337472,8.83627249045083,9.71493993958758,5.75234297337659,3.31067526127387,7.00848252968164,6.09999400171633,3.67550324584523,6.19520142914863,9.02243231071343,5.24775537512474,5.01438660767392,5.168706414829,6.90008259036,3.67161266817936,6.2176906730243,6.98011223446517,4.33011286601652,5.18903185418569,2.92898288241238,2.91242268198029,5.45100807606708,5.0321966879414,8.26132947508118,8.71542480941811,8.86165300757891
208,"luminal_A",4.92628598310008,5.33722338721458,3.96456602815482,5.86512999558795,8.66727511390786,8.72873955155469,10.1088090879231,5.74531151628075,3.98057879608141,7.02074543020905,6.33566065475817,4.57220036834579,7.38392779878977,8.92559872198422,5.86740489281544,5.19596287356252,5.06535952200135,7.27006061442291,3.4415129430232,5.97783239420681,7.23233831019531,4.62609740477436,5.31928234993724,2.99821880674879,3.02621744258889,4.64061206015082,5.09131662042434,6.9920234494107,8.14388987995671,8.67224240658337
209,"luminal_A",5.5817002721912,5.93754840751671,3.86713667443083,6.01443178157519,8.39567892234354,8.57972571770818,9.71564572508298,5.70562663126482,3.2684429026433,7.6939773721355,6.36429835582737,4.29420791086263,6.86578882845684,8.5975274294781,5.42642108399992,4.81393633603035,4.76470117032487,7.67921450278595,3.66931520880216,6.01757790049684,7.64574868249945,4.67138055349684,5.30361182465681,3.04436066326323,3.11499627885633,4.90250192478399,4.95972809461979,8.63055180760194,8.44701863760381,8.39848315517813
213,"luminal_A",4.72373820664055,6.13611778472623,3.61522773534169,5.46675633819424,8.88203142735953,8.51995331287649,9.31617091477102,5.66287181262511,4.04910561465319,7.50182192553532,6.22494530467739,4.26545756075236,6.58530570220609,8.8473166018372,5.0706077698977,4.97564852562734,4.88940540182455,8.11227359249896,3.53595754578143,6.29093031853914,7.18215171023498,4.67189538430075,5.58987899328313,3.14139837165731,3.11831636546518,4.80679586037526,5.01178276989769,7.68324357575463,9.20069450721186,8.53491375201273
216,"luminal_A",6.918011816316,5.31949758946242,3.43927482978723,5.44389881458486,8.54027670184644,9.07037458724553,10.3231092640977,5.40749052851549,3.41116862942205,7.67765970917389,6.49347818654129,4.05413981951522,7.92452270380019,8.63073772167391,4.94238373069672,4.81668533792425,5.07727555947999,8.25002769450091,3.75890817847358,5.57535833458405,7.32019196885427,3.98741132208326,5.34010836343681,2.69762316286705,2.96113573136795,5.06155552089693,4.93240302348036,6.6674862436027,8.62713677794806,9.10980523414129
217,"luminal_A",6.58809896917848,5.38975596654085,4.03695845359478,5.63388264590232,8.61175659602842,9.12566919680256,10.7208387368532,5.67080660043543,3.46731861663287,7.68781640385294,5.58573867793375,4.19952731691464,6.54312208216298,8.81737259708699,4.99635370911955,4.30987118873032,5.18036844294857,8.01222424030743,3.29885798113113,5.58975046836479,7.41776600470798,4.09164890683523,5.66086790522979,3.31158292417477,2.82828236334657,5.76677558820539,4.83779746344579,8.49971055102245,8.28116553620255,9.41670901352273
220,"luminal_A",5.43592983668508,4.82065411494821,4.08518132351514,5.47363065799893,8.53823839119768,8.55477806686095,9.41731687044252,5.91063279947648,3.38247864472556,7.36796897969862,5.48966488965528,3.55705096726425,6.59217787404759,8.45875538866455,5.71207063937253,4.92382632486619,5.39997634653616,6.99277580989642,3.45581698123202,6.19533424858356,7.95088756562279,5.08947336719834,5.24297071006921,2.84919880539211,2.93984705678884,4.0145499834441,4.89021227564691,8.32709401011022,7.98979346579655,8.81309210826528
221,"luminal_A",4.65206732738948,5.71972457004085,4.08398183841947,5.84175697607259,8.4272880063135,8.74912696189418,9.66284454261558,5.55724716984935,3.66011192203678,7.37311076649573,5.66365917426158,4.67299838667776,7.28394976787542,8.9347958756787,5.63590281190584,5.13111049681066,5.2607825083343,8.12575673679853,3.58522401960053,6.39406147218923,7.20402968459379,4.60673569974024,5.49536367679545,3.0743873122342,3.13375116900837,4.04304874071867,4.83946846978887,6.9079475431924,7.91704781368292,8.51305242484931
222,"luminal_A",8.62140164513566,6.47153478977008,4.05653610001422,6.22395463653755,8.27726384396584,9.29365180223844,10.5826797957395,5.62705861953966,3.39910259325448,7.34687927082262,6.92322651135875,4.10817180405998,6.82358248083961,8.21905833570615,5.37133402144233,4.59332700026908,4.7958229838787,8.26032517420289,3.56150525512942,5.98412555684196,7.1815168955433,4.51844858452404,5.49318390469202,3.09672853317509,2.88996791158303,4.40007258982466,4.85939366683813,7.41235259113629,8.58500327533805,9.12106439932229
223,"luminal_A",6.01458819353348,4.80904097833888,3.74837268593974,5.48685054116582,8.59562085718987,8.77665250939864,9.62927321953424,5.45537965526952,3.41686342121646,7.8458175501035,6.65595123795519,4.43704847782097,6.62637432360868,7.69158042816033,5.17441623411832,4.76121546220626,5.14952119818539,6.2356294537875,3.75383995717054,5.9548628089582,7.53548928382242,4.47567409881799,5.63666753656251,2.87137814354849,2.99655453480239,4.81886272173572,4.45661564247592,9.09069336810468,8.04771020060599,8.85552414116444
224,"luminal_A",6.53994349190114,5.86115715810506,3.91296327413473,5.89211250408774,8.16052516632198,9.01595363368528,10.1808936026974,5.4784926702222,3.46585462440863,7.87989993779172,5.65011908692485,4.47619009592034,6.96168850535871,8.60410825921561,5.27320209826432,5.26298310328331,4.90878093959722,7.23799392862204,4.01135011723171,5.84919326449166,7.77497801473877,4.54960933804951,5.88336473567462,2.90903543220755,3.31698355316904,4.69894964321316,4.78648099320903,6.29817754021625,7.77431965038678,8.6873055584893
225,"luminal_A",4.84282038871296,6.49570704018824,4.05719829982486,5.91947522750585,8.4483920021887,9.14890203331966,10.9522340498993,5.66297332182314,3.61286705998057,7.9525184284302,6.27813350228134,4.25520948865413,6.70457891264294,9.22415626404351,5.38423148878524,5.07451242540431,4.86860878224917,7.44824269237785,3.56551668164769,6.19309850741841,7.26763503290898,4.47077988507292,5.71432450838435,3.02742003501061,3.01958895501114,4.8772384808661,5.05154560700221,6.30303826417817,8.56432516150814,8.77228313568621
228,"luminal_A",6.93143155963068,5.85776297625149,3.79328795777634,5.58348474380966,8.82757576643843,8.91814756298259,10.2113607120707,5.32817441940241,3.3601063972632,7.83556217627354,6.35214811714709,4.79610908339867,6.95148483138984,8.9652474437874,4.57180097440614,4.64669744022695,5.08780894441696,7.82540129566485,3.41681985659078,5.52156455577453,6.9471487468801,4.15871031027047,5.23496297372938,3.03178383616514,2.99131272108634,4.86648749181715,5.03592458171716,8.15053695119787,8.53791045795229,9.13394226865234
231,"luminal_A",5.48770216782267,6.8866870659842,4.13180142637827,5.40000165007633,8.09899653415789,8.86246756814683,9.52540354991967,5.69342343241113,3.72385146444025,7.52198758217076,6.45829682528958,4.34592022751139,6.55761856111968,9.27990261095634,5.67186431328043,5.03440990515521,5.06534234396551,8.7109543986168,3.6117814330919,6.32057280822971,7.2528527994613,4.36345359332431,5.49189983394868,2.87813336185405,3.00576622014207,5.6670568059253,5.03663399149848,9.59862533208695,8.14464654147526,8.60162286966295
232,"luminal_A",5.89608889559979,5.25099812635976,3.96134563133209,5.77768976798924,7.92312406621484,8.4342823524273,8.63999499089342,5.39314917416301,3.74077265237773,7.52593970143656,5.60177749814458,5.33982685563963,6.33045110968326,9.07587222428447,5.69577003332285,5.2310658630433,5.03407788591466,7.78408286182228,3.60874271089807,6.22167093161284,7.14767411320127,4.90179041054584,5.79744770539992,3.22808488697271,2.85976109993134,5.09032344980697,4.84714994886463,7.53561545898455,8.03267554902878,8.37834929643027
234,"luminal_A",6.31822252752839,6.69788906422127,4.1629873065638,6.01267860637775,8.33275882132789,8.29115810640492,9.1971134510378,5.69062110057623,3.55805408636756,7.89080101949505,6.83136809772587,4.24727573900017,7.87804688057813,7.86255045887284,5.534046452894,5.1667734712292,5.17417662287742,7.86531608515778,3.42154791492093,6.09668651901225,5.72457057394899,4.69771860219051,5.48704014592368,3.03746152721707,3.11525173538832,5.62533876616871,5.04213103790718,6.70894439411126,7.80102885900113,8.65800705701744
235,"luminal_A",5.35829610586877,6.70692328733562,3.83410593928233,5.93010947198008,8.36097692450054,8.04169835913574,9.72445234518823,5.43377718565769,3.643263251434,7.27857885945726,6.07693929346201,4.73626758689376,6.46366436614472,8.40279592888825,5.59300885614963,4.95775185257678,5.10387300016764,8.23293688694874,3.56523932393735,5.66623580447275,6.75576959640516,4.73046419524308,5.24887476863609,2.89221570795604,3.14642660918098,5.03541650755267,4.64602341152557,8.10014128403165,7.93555657117076,8.54267037241393
182,"luminal_B",6.41983981240337,6.32438690249431,4.11767492749741,6.20183962220027,8.88887706006897,9.3919800363917,10.1254011435119,5.54836361888523,3.5212675581146,7.78301745175489,6.39557447215792,4.34858744967808,7.01181192383663,8.07003395478929,5.54381065367125,5.24093799381609,5.78775920860028,8.12590287335363,3.87662910581685,6.45128874198975,7.51531027359175,4.58853352971421,5.51928968758108,3.06365124497733,3.31809460958354,4.48707778005916,5.08443820958391,7.13601988492141,8.42605218111129,8.40581779732146
183,"luminal_B",7.50770686083074,6.95862826501212,4.01112847055295,5.66758950081183,8.54792002817138,9.69192383256369,11.0310561544513,5.39482305700093,3.45833435059142,7.47358298452069,7.18458472896543,4.19289947384321,6.8881226884902,8.77541295263213,4.81300638724384,4.77346480380919,5.51103655588615,9.17765493077799,3.38133593253798,5.74456104582695,6.81292467205847,4.06247200044398,5.50680230173644,2.9590258336139,2.96931913313031,5.59168228116971,5.02492355134752,7.41683917137059,8.88148402692982,8.89809065153827
185,"luminal_B",5.73606214693865,7.99543590240253,3.96989256717187,5.83086974839925,8.82184496257514,9.42432555522547,9.71506100326665,5.63523904214892,3.43488335176671,7.80100732634285,6.63738894525037,4.26545756075236,5.93653358546222,8.70496754190345,5.12956369458545,4.65646956842369,4.85593525293392,8.30900546104895,3.86910528742939,6.27539479697316,7.80069427726862,4.3375995978646,5.19235132406984,3.00130361752819,2.9620328156957,4.94912420901371,5.29701129772991,6.41478638423953,8.98173564228561,9.51007846527601
186,"luminal_B",5.53002877390136,6.15585040100211,4.29404176190676,5.75955841946284,9.17351027244747,9.16116569239207,9.65365676673567,5.79266181643455,3.33982202868789,7.74886338855228,5.66519731389365,4.87838731813451,7.86059237688242,8.92566001052974,5.0168858915092,4.87345361062743,5.23015286064819,7.96344540164219,3.82778826417065,6.02828884219262,7.8381332736239,4.33478192244254,5.36760887721278,3.04527894760511,2.81591633834719,5.51115935197451,4.85916518684845,6.63388789355847,8.54427491318036,8.66081909371371
188,"luminal_B",6.48883000020611,7.37458860875719,4.16245705007364,6.03615940479021,8.52139942153294,9.14260872201228,9.71784716188947,5.52504014680437,3.83071232885292,8.29201775904497,6.52299117118673,3.93725805459311,6.46067657571867,8.59832506055613,5.3327654987331,4.80259886395795,5.01761532483873,8.0469833648625,3.42668798806165,6.46802091242984,7.10089924762898,4.55035728814126,5.12101185467536,3.26176744377314,3.05779461415744,5.72222865079859,5.1915837861956,7.09837742523184,8.8312679421578,9.00556995082609
189,"luminal_B",5.39085595427289,7.11347092115335,4.34915163951431,5.72455429483565,8.54382161240149,9.29706798347298,10.2704966623563,5.86006444525564,3.63467161679889,8.55359759212585,6.55626623349081,4.15305816095543,6.20024845383669,7.91775968898383,5.49784475960783,5.09680848403606,5.1646443573439,8.36640360341012,3.55281643613773,5.89786682704729,6.92805544469562,4.5968357351939,4.90375002228923,2.91954674480298,3.18714505050041,5.03949913294499,5.76395996441263,5.71118789723752,8.64564236081129,9.01873325921523
192,"luminal_B",4.72014569217154,5.5137040303492,4.02917811937003,5.36854636571073,9.21285521164718,8.31957564833218,10.0792140066754,5.47035248909728,4.01886074779664,7.13527210147525,6.73683800939106,4.89077305361273,6.18070038500014,8.91662577043039,4.82950470564161,4.69532244009521,5.31481380165087,7.61000940432298,3.66909908689971,5.71023814391399,8.01827862125514,4.32716671787954,5.08528569095472,3.24905336970112,2.89945364542429,4.67662017093167,5.31465711019303,7.61111578164536,9.34469117007852,9.65899963559406
193,"luminal_B",7.83496355127123,5.78342716213567,4.04616780387364,5.54264031885153,8.81047097020545,8.86047086310692,10.0309318850994,5.64313811079721,3.31288991826158,6.92608490263541,6.86535390161524,4.07971042203741,5.59552724603359,8.54518668167604,4.80412835832215,4.7021826114904,5.19433064330325,8.47988584953733,3.67297322338545,5.36473220839211,7.94809320158678,4.16286446670912,5.26025267895376,3.00215082457215,2.96690936396649,5.5198082584062,5.47971262844276,8.55346709450953,9.95490627483602,9.31480700362205
196,"luminal_B",6.36226048571607,5.57021362280243,4.26935923561914,5.75769665240315,8.64747872529562,8.75160893879689,9.68996750137662,5.57275428503021,3.47400732132399,7.75068943700504,6.52586331490374,3.87039907802824,5.56606415951269,8.81742611429904,5.08740325302229,4.76676671508782,4.92640461861787,8.08834522512197,3.38139476232229,5.67841611523561,6.94110103701314,4.16740629136778,5.10044423998617,2.98051702151273,2.86322567374659,5.07635906187403,4.97350959798155,7.11707867113788,8.73791881444126,8.8850537244105
197,"luminal_B",6.18746251272446,5.29047880526994,4.13863322773854,5.41374928685999,8.98400465155093,9.06250689388547,10.0209662635719,5.71734724557881,3.36071729250654,7.12029910564429,6.60226098944183,4.02352444726907,6.84964293864369,8.28325318927683,5.29238884627711,4.81951185654808,5.22195071174696,8.07991349166127,3.9513115826594,5.64243677242835,7.4941567014191,4.2090497758244,5.51026675292563,2.89897133964356,3.03906254297403,4.53300014859531,5.20295989660451,8.56102650287907,8.8946096839377,8.85093863798029
198,"luminal_B",4.88984789647091,6.57449054596862,4.08651755556809,6.04465563240895,8.09716726820778,9.1352408958659,9.6809996359012,5.65486510372801,3.54853605082662,6.66417075611127,6.7275641790339,4.71911496442427,6.33193331415618,8.20069973552063,5.61228159665801,5.02200202448064,5.14754165667633,7.49020652153065,3.53626792518148,6.12343126339058,7.76595513749909,4.65988135294764,5.62969644134194,3.02110739609884,2.95586681166004,5.14864795136028,4.78380501937698,6.07728769075648,8.28016841798714,9.08150183609897
201,"luminal_B",4.90101620998442,4.97423342654327,4.30717953333456,5.61479212172565,7.98759861018367,8.75819634762841,10.307544095634,5.72932202005466,3.35320599431813,6.91514434551757,6.22457679179279,4.36246896858188,6.1897527358902,8.95317898167925,5.38984553365972,4.94231711454324,4.99798349022674,7.72168523334781,3.42609694518697,6.02286898611894,7.34040473979438,4.47307102653061,5.08651215570876,2.83983288466859,3.10182183201271,4.6665696650815,5.05686369119266,5.63923049452129,8.41074635252782,9.2307207990281
202,"luminal_B",7.27502029346917,6.10147977420675,3.70920449494076,6.03066260544045,8.53234677815076,8.78063626199785,12.1589052293433,5.36308845223214,3.55508898857477,7.42365160675268,5.82465407030221,4.63454964068159,6.20610268201451,8.00472176642085,5.44451276769965,5.08780718016176,4.97608578325483,7.97197776297685,3.79576969014765,5.83443836269662,6.1149583274533,4.48804287692154,5.47617474406667,3.09539918317581,3.04473856229809,4.69620987676531,5.02638539036658,7.92041867079884,8.49168726270162,8.58544413885089
206,"luminal_B",5.74645201279438,6.89815599964438,3.70502321289488,5.41404524702978,8.65524764491498,8.79292575648504,10.4701666776836,5.79841061742028,3.48391236180496,7.94155746558135,6.99187403201502,3.95324003957045,5.37782723766794,8.5712318231297,5.05256345783439,5.06103037294021,5.48124247432429,8.00764440983789,3.61221936860507,5.89990607517185,7.84443067346024,4.1478793128114,5.66132692270716,3.19900099429708,3.03286305275735,4.75095992090462,4.9467815527692,6.96179882445046,9.02127973861181,9.53747106752495
207,"luminal_B",5.7074311768243,5.5553201947609,3.84616325914971,5.74062842218266,8.57328179744626,8.97598064798224,9.7851200665991,5.83504392683269,3.38954422140783,7.21843222992321,7.15495246291693,4.22095379118712,7.35509523830784,8.39622696940173,4.93013601152613,4.68040040180711,5.15155445873503,8.66416049778565,3.56551668164769,6.13522017543769,7.41139081204695,4.28897233118412,5.52626752768252,2.92300001737261,2.9670325620942,4.72445181367842,5.17809124015517,6.06144026448825,8.89041326394132,9.15846767148773
210,"luminal_B",7.34837854776969,4.84898799678564,4.03452708589161,5.77682417178217,8.51166192890373,8.49381377048706,10.6446941317784,5.7247417583855,3.95026846338636,7.28678109600438,6.58370274277764,3.86429386286102,6.26292776309148,8.53904729518613,5.06049273616241,4.70227821766458,5.21633243789055,7.25921358837397,3.95957913277143,6.3675385015869,7.57916641377541,4.46548361797235,5.46606291920237,3.11770671544905,3.23909878992876,5.77777523649898,4.83109455362756,6.14978586680202,9.02118909598628,8.65275530710566
211,"luminal_B",7.21700443113251,5.91322677974514,4.08527166060459,5.96354589055622,8.22424024093994,9.62222031926471,10.3335645895162,5.76739951305106,3.16588481450822,7.30044763388515,6.85778196708643,4.23826880978307,6.13581728216061,8.53742685514675,5.09011153123686,4.93920260292447,5.23780565398331,8.00108212762378,3.66396124602284,6.16992479373788,7.0202260026526,4.47966017068773,5.32866038294751,2.94863529648875,3.16866842863813,4.60212119239771,4.59027179346206,7.6317643211761,8.56576274514614,8.90457619034464
212,"luminal_B",7.01997232394848,5.82728098570149,4.04339138676965,5.74213881583606,8.88220248076252,9.44440145008132,10.0368929110512,5.77592750534523,3.46310200698479,7.24265060460903,7.51980333778034,4.2958216691211,8.01184635918604,8.6372941353628,5.61383769264315,4.89662100865877,5.19639368504057,7.34389169643178,3.96358225845497,6.24546982234946,6.82801765793307,4.53608089744885,6.02430025060285,2.86805459682552,3.03950175811441,4.81067728599465,5.09523814311982,6.08825114943682,8.71281851171361,8.1732934245967
214,"luminal_B",5.77352377226595,6.608460623745,3.89966995840735,5.8636526100606,8.53171952798656,9.78821221175424,10.91541435087,5.80195332951495,3.271683040709,7.50281665451779,6.001877751967,4.23509685709714,6.81260514767286,8.38836015384458,5.44896188381628,4.87244676247313,5.06180809022262,8.4317104097162,3.67406295595314,6.24647643585428,6.36742246794899,4.40051565514414,5.39800159692303,3.14523043029225,3.3054275893769,4.63125508975429,4.95123195577042,6.58021359702115,8.46922375906384,8.33990316405144
215,"luminal_B",5.23629763323809,5.36714580401162,3.91164951529603,6.33131541968396,7.99535828576064,8.56285866031929,10.1305085913016,5.52771811170759,4.00342162925636,7.41000275838298,6.01945581028536,4.82801342328011,6.28712626055256,8.50796653085013,5.65245341592333,4.75655701548311,5.08698124356783,7.88651872284671,4.343622962705,6.897104151453,7.20096444676445,4.91928151556425,5.38084582003676,2.92495777095454,3.21151378539213,5.17512177398123,5.22285658154716,8.35335629186608,8.93642865037591,8.13196140739846
218,"luminal_B",6.94024253917083,5.26096717607396,3.72705832929911,5.61056124308805,8.3738152921943,8.88508469004887,10.1441783403357,5.83564087017325,3.82382878601668,8.02160311475338,5.70183214381744,3.90547427069724,5.59898724745211,8.35753712029698,5.06490404016863,4.9056045725083,4.92988602150112,7.66391415096359,3.55226258069252,6.04318543949146,7.56245022438862,4.24580292413621,5.15993949068313,2.8040979293757,2.98483827683644,5.0095637262264,5.32494843249444,7.43330826035709,9.08736222245275,8.36741176813344
219,"luminal_B",7.63747985997356,6.58415619029282,3.8511932099595,6.00697390680426,8.97267357360675,9.12686215249737,10.5620264561592,5.94235278536241,3.46512970738579,7.834041525722,6.42932489186404,3.93001403671918,6.1350404322665,8.5991181702356,4.96494478483727,4.72187439785954,5.19891944919272,8.2479485922466,3.409968491412,5.69466585496933,6.8805187429315,4.14050772102028,5.08349427120257,3.1210696606815,2.89944396457895,4.57585964932145,5.29017593060092,7.40082690256087,8.38880095324417,9.07535432268068
226,"luminal_B",5.34841182501649,8.63133416818597,3.92681615055372,5.77111894223159,8.70775334868901,9.04650804176977,10.6041691009808,5.48547087604012,3.57543006983701,7.67510029334395,6.78880839681787,4.18843900086435,7.66963806792862,8.1459627393496,5.27860566110948,5.04958491919975,4.57598591884903,8.71213649372708,3.5787907793939,5.97386788278815,7.8461183782075,4.43222534984597,5.21891844716906,2.93007659366339,2.94028975836056,5.16595824092574,5.53617302909801,6.66713718148546,9.79866750647527,9.02175273146227
227,"luminal_B",7.71287485837952,6.78110712751944,4.06048696726703,6.01603181264494,8.21372554082792,8.86060931450432,9.91730283598621,5.98109821323402,3.2891998859286,7.48401508442932,6.84299606465307,4.32275022524473,5.87472068779609,8.52385916361498,5.31224827970684,5.08021486961578,4.98262610287261,7.87763447557358,3.71355592494093,6.27743839296804,6.69897182645803,4.45094571268737,5.51379611481807,3.17430518845621,2.87040901016678,4.78518397737296,4.76046330323101,8.72593522208245,9.18637671697676,9.03350197188534
229,"luminal_B",6.44032563990476,6.47830348749949,4.18205563407208,5.87379746883072,8.54496707692466,8.96061192823827,9.88075591460884,5.73215386565055,3.27988474780454,7.8745832365022,6.85140805933897,4.01980405613062,6.79990376406455,8.45938606332564,5.25618036566149,4.94072535449353,5.37708704675499,8.31939973541767,3.27856362990205,6.13000651790889,6.80699990463869,4.58678100173916,5.04921286945461,2.91902137537311,2.90478218688559,4.86858983684445,4.96967575257488,9.72391722701552,8.8027144422156,9.31492947363871
230,"luminal_B",5.75598617109592,6.04911473474619,3.94653029781624,5.45368890408824,8.33499410030658,8.46495921886356,10.7596681240254,5.6342581079022,3.42436470754812,7.44804429461758,7.255961457522,4.41007334056219,7.45646011017151,7.70014099112606,5.08780290999614,4.8182696926777,5.64059169016773,8.28267083392975,3.65976356030207,6.20104534284287,7.2675524933052,4.49854091966921,5.09969436594597,2.81024388005343,3.10929746832627,5.13106216276764,5.02728600825967,6.03568739685076,8.6875043267617,8.77542055688242
233,"luminal_B",5.63832826711779,6.33834160979654,4.05725540414237,5.80862299269937,8.72816123752949,9.17232282411508,10.3404348486923,5.95453803615676,3.69882173438297,7.54802702000263,6.62843105523916,4.16077599137518,6.65604862781573,8.86752673223355,5.35787139714083,4.90999592611094,5.22285337847332,7.89849497756907,3.51579425570872,5.96514908954047,7.58759120833689,4.33918998485253,6.19371660961271,2.87833874969299,2.89540397958328,5.84435971084957,5.30497505906733,7.24943200936084,9.27381253392993,8.79702636332812
236,"luminal_B",6.04081497035614,5.28219398444101,4.11756304550607,6.12610731574198,8.49959180443036,9.33278733945385,10.148555070302,5.86422830364259,3.78552510124152,7.57634860863576,6.81220802559349,4.13212112338106,5.68063319118048,8.05933231535915,5.2823203721251,5.01700021680988,4.99830597592643,8.64349863200509,3.79848885994631,6.07868375734102,6.98135642214166,4.3929296370693,5.20550744503132,3.00265450456196,3.05011808392546,4.80929313485655,5.19350442877884,6.70021525769846,9.00033052633201,8.97722569112052
237,"luminal_B",6.27185761404668,5.4628912276047,3.96573354936904,5.77209041673745,8.59494734487664,9.08196472831631,9.75607967179429,5.65546707751154,3.5164780812976,7.42663370299809,5.98143946256159,4.63729812402742,6.4053282015671,8.02730693019313,5.40133213063726,4.90438906303844,5.0481568459528,7.38687171295413,3.53539261912834,6.28411186988052,6.53287112089404,4.85975068251174,5.04835020124701,3.09821674086275,2.96390693513959,4.78182506916296,5.07082580779933,7.75615326307123,8.18627621298619,8.47763430798288
238,"luminal_B",6.40402485188295,6.93961661229895,3.83219702553602,6.06740420015383,8.50983738694826,8.78566777749453,10.6728249968558,5.64756178973478,3.09544824857438,8.5072705259631,6.70138983475713,4.48882294660113,6.63592373279739,8.21489504244772,4.96317327919285,4.79818820567728,5.20081285849872,8.61198263391131,3.57701464441767,6.0305041456808,7.13446424819569,4.6253283798189,5.18274462029746,3.08893288258089,2.94713182248305,5.0066175117354,4.94529154992931,7.6252702282059,9.19581836127785,9.41760112884765
